code,system
G331.00,readv2
G330000,readv2
G33z600,readv2
G311200,readv2
G311300,readv2
G311.14,readv2
4139N,readv2
4139AT,readv2
4139PA,readv2
4139C,readv2
4139M,readv2
G34y000,readv2
G31y000,readv2
G33z700,readv2
G311100,readv2
G311.13,readv2
4139U,readv2
G33..00,readv2
G33z.00,readv2
G33zz00,readv2
G331.11,readv2
4139,readv2
G310.00,readv2
G311z00,readv2
G311.12,readv2
G32..11,readv2
G33z500,readv2
G32..00,readv2
G311.00,readv2
G32..12,readv2
G34yz00,readv2
G34y.00,readv2
G3y..00,readv2
Gyu3300,readv2
Gyu3200,readv2
G33z400,readv2
Gyu3.00,readv2
G34z.00,readv2
G3z..00,readv2
G31y.00,readv2
G343.00,readv2
G344.00,readv2
G31yz00,readv2
G3...13,readv2
G31..00,readv2
G34y100,readv2
G31y300,readv2
G34..00,readv2
G3...00,readv2
G31y200,readv2
4129,readv2
4119B,readv2
4129AN,readv2
G342.00,readv2
G3...12,readv2
G340.11,readv2
G33z100,readv2
G340100,readv2
G340000,readv2
G332.00,readv2
G340.12,readv2
G310.11,readv2
G311.11,readv2
4139CO,readv2
G33z200,readv2
G3...11,readv2
G340.00,readv2
G330z00,readv2
G330.00,readv2
G311500,readv2
G33z300,readv2
4139E,readv2
G34z000,readv2
4149,readv2
4129N,readv2
G33z000,readv2
4120A,readv2
4130E,readv2
4130,readv2